{
  "model_type": "ridge_enhanced",
  "trained_at": "2026-02-10T13:07:06.202166",
  "features_count": 145,
  "data_points": 4111,
  "external_features": [
    "Gold",
    "DXY",
    "VIX"
  ],
  "metrics": {
    "r2_score": 0.971707419654835,
    "rmse": 2.315660305709616,
    "mae": 1.1012448655441283,
    "mape": 2.9054996848696693
  }
}