{
  "model_type": "ridge_enhanced",
  "trained_at": "2026-02-09T14:40:58.141377",
  "features_count": 145,
  "data_points": 4111,
  "external_features": [
    "Gold",
    "DXY",
    "VIX"
  ],
  "metrics": {
    "r2_score": 0.9617253122103442,
    "rmse": 2.6933599669285666,
    "mae": 1.303264520321752,
    "mape": 3.3040358125280958
  }
}